id,prob,target
0,0.7184199,1
2,0.75446814,1
3,0.9663508,1
9,0.66293186,1
11,0.99529487,1
12,0.63484836,1
21,0.10635105,0
22,0.09446204,0
27,0.056762367,0
29,0.06811234,0
30,0.11433074,0
35,0.08744696,0
42,0.07069132,0
43,0.09955576,0
45,0.09565267,0
46,0.67700636,1
47,0.050417393,0
51,0.1699945,0
58,0.23965845,0
60,0.1395624,0
69,0.7893912,1
70,0.26329732,0
72,0.066262424,0
75,0.94229865,1
84,0.36021417,0
87,0.6419972,1
88,0.3320909,0
90,0.3229732,0
94,0.19552758,0
99,0.9773911,1
101,0.47420222,0
103,0.25260392,0
106,0.30890462,0
108,0.5793616,1
111,0.95926154,1
115,0.057085305,0
116,0.6105131,1
122,0.5326884,1
123,0.15832493,0
124,0.9642947,1
125,0.1963343,0
127,0.7115329,1
140,0.7642162,1
142,0.7708719,1
147,0.06961727,0
148,0.16185027,0
150,0.03557971,0
152,0.042277128,0
154,0.5780957,1
155,0.042277128,0
166,0.061328262,0
167,0.04562038,0
169,0.9231535,1
177,0.042277128,0
179,0.19682571,0
181,0.05493933,0
186,0.023801893,0
188,0.08892968,0
189,0.020622194,0
192,0.19682571,0
200,0.89172196,1
202,0.2613134,0
206,0.87555814,1
207,0.92034996,1
214,0.99527794,1
217,0.87226564,1
223,0.39718437,0
224,0.92838967,1
227,0.3542058,0
228,0.9184309,1
230,0.24519819,0
233,0.42689627,0
234,0.9920697,1
236,0.982072,1
239,0.99208677,1
250,0.99719393,1
255,0.2453591,0
257,0.109460354,0
259,0.32016358,0
275,0.75604403,1
278,0.168223,0
282,0.12915552,0
284,0.2220245,0
286,0.41684765,0
288,0.9976227,1
292,0.9531604,1
295,0.0958983,0
300,0.18596396,0
304,0.8632596,1
305,0.8632596,1
306,0.19928747,0
308,0.08290219,0
311,0.14712736,0
317,0.30216748,0
319,0.08510995,0
323,0.09371436,0
324,0.08619103,0
325,0.1801587,0
326,0.55650204,1
333,0.09776583,0
339,0.20698413,0
342,0.14501148,0
343,0.34604803,0
350,0.13070408,0
351,0.4388417,0
357,0.09236869,0
359,0.32643825,0
362,0.20199761,0
366,0.2511608,0
367,0.32643825,0
369,0.32643825,0
373,0.066743106,0
374,0.3965189,0
376,0.09263566,0
377,0.32643825,0
378,0.32643825,0
379,0.25109303,0
382,0.32514638,0
385,0.32514638,0
387,0.23213133,0
388,0.32643825,0
391,0.32643825,0
392,0.32643825,0
395,0.32643825,0
399,0.14106008,0
400,0.090586334,0
403,0.05547765,0
405,0.07174906,0
408,0.076294065,0
411,0.12852421,0
414,0.09595865,0
416,0.116104245,0
417,0.7372324,1
422,0.3618075,0
425,0.09345764,0
428,0.14774308,0
430,0.09346035,0
431,0.07116276,0
433,0.1650356,0
434,0.05547765,0
439,0.18910006,0
441,0.05547765,0
449,0.07065159,0
458,0.10968995,0
460,0.17211473,0
464,0.12878737,0
473,0.569145,1
488,0.13723108,0
491,0.07594213,0
494,0.4774628,0
497,0.040226042,0
500,0.120916724,0
505,0.073687404,0
507,0.031440288,0
508,0.06241703,0
510,0.09476453,0
511,0.040734857,0
515,0.115682155,0
525,0.13310567,0
529,0.073687404,0
532,0.073687404,0
534,0.073687404,0
537,0.22520798,0
539,0.06800914,0
541,0.073687404,0
545,0.09450635,0
547,0.91196823,1
548,0.9932967,1
549,0.9584705,1
553,0.9763134,1
554,0.507484,1
555,0.9785652,1
557,0.93293905,1
562,0.24242103,0
566,0.8971633,1
572,0.9504919,1
573,0.8502006,1
582,0.9159273,1
586,0.93244505,1
587,0.55677646,1
590,0.9932967,1
591,0.43905774,0
593,0.39953017,0
595,0.93293905,1
596,0.9800992,1
597,0.1306794,0
601,0.06360829,0
602,0.08649713,0
605,0.6747614,1
610,0.9377456,1
616,0.09600791,0
618,0.90734035,1
620,0.9567141,1
626,0.25577068,0
627,0.05538708,0
629,0.09465858,0
632,0.9231194,1
634,0.11207357,0
639,0.41509008,0
645,0.99693286,1
647,0.95368475,1
648,0.33442932,0
650,0.54133415,1
663,0.25788206,0
666,0.48853025,0
668,0.70693946,1
670,0.4178908,0
673,0.8733076,1
676,0.49198684,0
678,0.09856087,0
692,0.3746367,0
693,0.31661183,0
694,0.35032827,0
695,0.4834268,0
696,0.99891233,1
698,0.46451247,0
701,0.17912501,0
703,0.98496103,1
707,0.98496103,1
708,0.98709774,1
711,0.98496103,1
715,0.98496103,1
718,0.13806164,0
722,0.17991239,0
723,0.16123295,0
733,0.98496103,1
741,0.8034537,1
742,0.98496103,1
743,0.42595187,0
747,0.06374624,0
749,0.24520284,0
750,0.10370895,0
756,0.097759426,0
757,0.18484426,0
760,0.12266627,0
764,0.03498605,0
765,0.12892532,0
766,0.13676074,0
768,0.13815242,0
769,0.13715532,0
771,0.029089004,0
772,0.3722753,0
776,0.024318933,0
778,0.15641075,0
780,0.14580083,0
785,0.5359369,1
789,0.12558016,0
792,0.08382508,0
793,0.2567228,0
811,0.8256737,1
813,0.091162354,0
816,0.053056896,0
821,0.046163827,0
824,0.085210264,0
825,0.053958774,0
827,0.328504,0
830,0.8723411,1
831,0.86642003,1
839,0.86642003,1
844,0.36601347,0
847,0.87953603,1
850,0.48660883,0
854,0.860368,1
855,0.18910661,0
858,0.56473476,1
861,0.87343365,1
862,0.2903338,0
865,0.4028526,0
869,0.87056684,1
879,0.7420479,1
880,0.9559225,1
887,0.8789003,1
889,0.3158313,0
897,0.49607128,0
900,0.9661893,1
901,0.33088827,0
904,0.57192326,1
908,0.36648348,0
909,0.21439058,0
910,0.30217928,0
913,0.62456566,1
914,0.76215076,1
917,0.7989751,1
918,0.3270601,0
920,0.44696584,0
922,0.47468907,0
924,0.4746891,0
925,0.3131694,0
927,0.36131537,0
933,0.09082028,0
937,0.14527586,0
943,0.05754754,0
949,0.16997117,0
950,0.95687044,1
954,0.06638536,0
966,0.07758251,0
967,0.1579909,0
969,0.46396637,0
970,0.98297596,1
973,0.26463696,0
975,0.19859043,0
980,0.069503784,0
988,0.04802075,0
989,0.10497838,0
995,0.058984637,0
1000,0.04348415,0
1003,0.08745682,0
1007,0.14427015,0
1011,0.12613323,0
1012,0.2170057,0
1013,0.1477828,0
1014,0.07111716,0
1016,0.98209804,1
1019,0.049079508,0
1025,0.08373135,0
1027,0.12613323,0
1028,0.8214661,1
1030,0.25665855,0
1033,0.90502405,1
1034,0.1362263,0
1039,0.036201656,0
1046,0.05913773,0
1047,0.0648129,0
1053,0.07495996,0
1055,0.31286022,0
1056,0.07778719,0
1059,0.39514276,0
1060,0.063311696,0
1063,0.17320144,0
1064,0.08868784,0
1068,0.0513736,0
1076,0.058537364,0
1086,0.11589807,0
1087,0.04718548,0
1089,0.13481319,0
1092,0.061535954,0
1095,0.09040967,0
1096,0.07430351,0
1097,0.1295929,0
1100,0.08007616,0
1101,0.10141602,0
1107,0.078544885,0
1108,0.12329343,0
1111,0.07970989,0
1115,0.14888406,0
1116,0.13493586,0
1121,0.0896036,0
1125,0.074244976,0
1127,0.073188454,0
1131,0.108816594,0
1133,0.16853008,0
1135,0.057168335,0
1137,0.1859332,0
1140,0.06206888,0
1144,0.0866991,0
1147,0.6970311,1
1148,0.21559945,0
1150,0.06578666,0
1158,0.07715696,0
1159,0.07634801,0
1161,0.06501964,0
1163,0.0771645,0
1165,0.052738637,0
1169,0.090337574,0
1171,0.5083661,1
1172,0.08384991,0
1176,0.25796998,0
1180,0.13845792,0
1184,0.12958089,0
1186,0.078226745,0
1187,0.07895744,0
1192,0.07786679,0
1193,0.1619617,0
1194,0.3760152,0
1197,0.23484442,0
1200,0.09594625,0
1205,0.06848553,0
1210,0.09997687,0
1216,0.05407828,0
1220,0.089163035,0
1231,0.04182279,0
1233,0.17661318,0
1246,0.0748781,0
1247,0.0545336,0
1248,0.05587089,0
1255,0.1497541,0
1256,0.06117338,0
1257,0.0479019,0
1258,0.1206094,0
1260,0.12257996,0
1261,0.069042,0
1265,0.094816804,0
1266,0.051813036,0
1268,0.07636401,0
1274,0.034854084,0
1281,0.094723314,0
1285,0.16587567,0
1286,0.05000636,0
1291,0.07612395,0
1292,0.0700455,0
1295,0.095959276,0
1299,0.05630499,0
1306,0.08934739,0
1310,0.06323159,0
1311,0.025803626,0
1313,0.052924395,0
1314,0.39538893,0
1322,0.06294003,0
1323,0.101469815,0
1325,0.06640947,0
1329,0.113863945,0
1330,0.04195133,0
1333,0.08538222,0
1336,0.15196761,0
1339,0.07206395,0
1342,0.1111469,0
1344,0.1070489,0
1355,0.99933344,1
1357,0.056249678,0
1358,0.23131743,0
1359,0.045071304,0
1364,0.06593171,0
1366,0.08140406,0
1367,0.072761506,0
1370,0.8239487,1
1373,0.1818172,0
1377,0.07845083,0
1386,0.030329317,0
1387,0.045743227,0
1392,0.042957842,0
1397,0.021902949,0
1398,0.07579616,0
1400,0.042619318,0
1403,0.13452953,0
1404,0.07872754,0
1410,0.021683067,0
1413,0.07579616,0
1416,0.040465087,0
1417,0.03898108,0
1423,0.12067863,0
1424,0.04016134,0
1426,0.073036104,0
1427,0.11756036,0
1428,0.029474974,0
1430,0.06479129,0
1434,0.046283215,0
1435,0.3269445,0
1437,0.11054373,0
1438,0.050578862,0
1442,0.06473252,0
1446,0.053189754,0
1451,0.07327968,0
1457,0.13651654,0
1461,0.10058358,0
1462,0.10749659,0
1465,0.069670886,0
1468,0.053272873,0
1469,0.16541156,0
1471,0.20222801,0
1476,0.06115821,0
1478,0.086586475,0
1481,0.05013275,0
1489,0.14049968,0
1490,0.06157607,0
1492,0.81490225,1
1496,0.06135997,0
1512,0.16520625,0
1516,0.17828527,0
1517,0.038392395,0
1528,0.026611924,0
1529,0.82847834,1
1536,0.9962255,1
1539,0.07902259,0
1541,0.14282796,0
1542,0.36184973,0
1548,0.9672887,1
1550,0.826682,1
1551,0.20859402,0
1552,0.8387678,1
1557,0.9870974,1
1563,0.33820283,0
1564,0.6397645,1
1565,0.40981376,0
1566,0.98995554,1
1571,0.4707545,0
1578,0.11332393,0
1581,0.28854093,0
1583,0.29937327,0
1584,0.17184594,0
1586,0.9921179,1
1589,0.978161,1
1592,0.7502028,1
1598,0.99658465,1
1606,0.048558652,0
1612,0.08009553,0
1616,0.8552061,1
1620,0.07541916,0
1624,0.09142262,0
1629,0.96623945,1
1630,0.95428526,1
1635,0.9965699,1
1640,0.9958439,1
1641,0.99780536,1
1642,0.98537993,1
1651,0.98596734,1
1655,0.9962082,1
1656,0.9982593,1
1659,0.96976674,1
1664,0.99835265,1
1667,0.99654746,1
1668,0.9974464,1
1674,0.4837677,0
1678,0.21977979,0
1680,0.9514863,1
1681,0.8038267,1
1682,0.7031778,1
1685,0.81649697,1
1695,0.9514811,1
1696,0.8673403,1
1697,0.62546915,1
1704,0.33662772,0
1708,0.45748258,0
1711,0.9947976,1
1713,0.9866599,1
1714,0.7212324,1
1717,0.9956423,1
1729,0.28161314,0
1730,0.22484788,0
1732,0.27011055,0
1734,0.7215199,1
1736,0.42901307,0
1738,0.46838734,0
1742,0.19260997,0
1743,0.466927,0
1746,0.25662416,0
1748,0.98775923,1
1749,0.34611636,0
1751,0.6330259,1
1758,0.3315069,0
1764,0.9845772,1
1765,0.4754983,0
1777,0.5735,1
1778,0.17261702,0
1781,0.875577,1
1782,0.3605019,0
1783,0.71348375,1
1785,0.69161516,1
1788,0.9852035,1
1793,0.99496377,1
1794,0.90483737,1
1795,0.9656103,1
1797,0.8901322,1
1800,0.9365255,1
1801,0.96948886,1
1805,0.96642137,1
1806,0.9852035,1
1819,0.66436565,1
1820,0.4725617,0
1825,0.3986125,0
1828,0.09050259,0
1829,0.15535119,0
1830,0.53178835,1
1839,0.71374816,1
1843,0.061451197,0
1844,0.15648389,0
1846,0.22144252,0
1849,0.04496172,0
1850,0.08210805,0
1854,0.07203981,0
1855,0.0552997,0
1858,0.10900959,0
1859,0.23332667,0
1862,0.11151537,0
1867,0.19807473,0
1868,0.1620464,0
1871,0.91998804,1
1872,0.050465733,0
1874,0.86963344,1
1876,0.18029606,0
1879,0.14318097,0
1884,0.24152353,0
1891,0.3333909,0
1894,0.12812829,0
1896,0.4418017,0
1902,0.07498947,0
1903,0.10270512,0
1904,0.36092985,0
1906,0.4047636,0
1907,0.4150902,0
1912,0.085897535,0
1913,0.8711589,1
1923,0.6768356,1
1926,0.20648977,0
1928,0.628908,1
1930,0.8603452,1
1931,0.36315915,0
1934,0.33369216,0
1936,0.67527497,1
1944,0.9648132,1
1946,0.16602108,0
1947,0.4754983,0
1958,0.24561167,0
1964,0.8481345,1
1970,0.8334312,1
1974,0.9657226,1
1977,0.97809863,1
1978,0.5476206,1
1982,0.96983343,1
1984,0.9342661,1
1988,0.54342306,1
1993,0.6300457,1
1997,0.48206174,0
1998,0.96983343,1
2002,0.24062449,0
2004,0.68969023,1
2005,0.9663311,1
2008,0.37899214,0
2011,0.9380705,1
2013,0.3803456,0
2018,0.9456241,1
2021,0.96493244,1
2025,0.34309536,0
2029,0.99804056,1
2030,0.9374634,1
2032,0.2039249,0
2037,0.59784925,1
2041,0.7250519,1
2044,0.7217259,1
2048,0.9456241,1
2052,0.9221651,1
2053,0.96800417,1
2054,0.9674484,1
2062,0.316976,0
2065,0.26822045,0
2066,0.2515215,0
2072,0.5359973,1
2079,0.31725603,0
2080,0.13828158,0
2085,0.13746655,0
2088,0.6598245,1
2090,0.2006208,0
2092,0.2139624,0
2093,0.29125708,0
2101,0.10063669,0
2104,0.10320133,0
2105,0.15633014,0
2106,0.18830445,0
2107,0.18883082,0
2120,0.2365588,0
2124,0.31419265,0
2127,0.11374566,0
2130,0.39672655,0
2132,0.110312164,0
2135,0.09233567,0
2137,0.985567,1
2140,0.1989015,0
2143,0.26310933,0
2147,0.16366449,0
2151,0.16258362,0
2152,0.42660847,0
2155,0.5038703,1
2156,0.16291073,0
2162,0.1942282,0
2165,0.27478802,0
2166,0.7125043,1
2167,0.66319835,1
2168,0.36765844,0
2170,0.29476395,0
2178,0.9978645,1
2180,0.8280121,1
2182,0.21856615,0
2184,0.25507206,0
2185,0.3121438,0
2187,0.36401385,0
2196,0.7499863,1
2197,0.9604594,1
2199,0.22961566,0
2200,0.23719114,0
2201,0.1945008,0
2202,0.85718083,1
2206,0.1990808,0
2208,0.24413255,0
2218,0.39742014,0
2223,0.9734379,1
2224,0.89940906,1
2226,0.12780854,0
2228,0.16685951,0
2232,0.20204225,0
2234,0.5573071,1
2243,0.7912717,1
2247,0.56722915,1
2249,0.16685951,0
2252,0.7945273,1
2253,0.99241656,1
2259,0.11484626,0
2261,0.1140852,0
2264,0.094070375,0
2268,0.12271005,0
2269,0.12235683,0
2270,0.09298548,0
2276,0.9268752,1
2283,0.12546852,0
2287,0.3367043,0
2290,0.16843012,0
2291,0.061668336,0
2293,0.20099944,0
2295,0.08375692,0
2302,0.5064033,1
2305,0.100302756,0
2310,0.84957254,1
2313,0.4501179,0
2316,0.53119737,1
2320,0.13859388,0
2322,0.100302756,0
2323,0.5208499,1
2326,0.38934618,0
2328,0.74026537,1
2331,0.15144977,0
2335,0.7993665,1
2338,0.45383462,0
2343,0.62727594,1
2344,0.569902,1
2345,0.24134168,0
2353,0.66631615,1
2355,0.15809867,0
2357,0.36923766,0
2360,0.9786922,1
2365,0.15716556,0
2369,0.24211088,0
2371,0.4887671,0
2378,0.1714895,0
2380,0.93475217,1
2381,0.11552811,0
2383,0.99633586,1
2384,0.70955384,1
2392,0.67241836,1
2393,0.28099298,0
2401,0.5304199,1
2403,0.06995359,0
2404,0.16887242,0
2405,0.0363169,0
2407,0.249109,0
2411,0.019295007,0
2424,0.030941308,0
2426,0.058834463,0
2431,0.089458555,0
2433,0.09742236,0
2434,0.04842201,0
2436,0.12749305,0
2439,0.076604635,0
2444,0.038060874,0
2447,0.04300934,0
2448,0.08460519,0
2449,0.017962962,0
2450,0.16826737,0
2461,0.7336861,1
2469,0.13608363,0
2472,0.20941156,0
2473,0.23127285,0
2474,0.11318073,0
2477,0.17820221,0
2481,0.9994642,1
2484,0.105882525,0
2495,0.26052475,0
2503,0.11210561,0
2509,0.9677414,1
2511,0.9829658,1
2518,0.9911599,1
2522,0.99259543,1
2525,0.97770184,1
2526,0.40779752,0
2529,0.35933828,0
2533,0.6309895,1
2549,0.34183383,0
2551,0.29239252,0
2558,0.72619915,1
2562,0.9916053,1
2563,0.53913003,1
2567,0.40236306,0
2574,0.9952749,1
2577,0.50689656,1
2578,0.28622335,0
2580,0.3301135,0
2581,0.23045266,0
2583,0.9604401,1
2584,0.09386584,0
2586,0.50049233,1
2589,0.98322403,1
2595,0.33799022,0
2596,0.30791593,0
2600,0.98027194,1
2601,0.58262694,1
2607,0.4043873,0
2610,0.1491485,0
2613,0.103339195,0
2615,0.18735525,0
2618,0.25650766,0
2620,0.19999874,0
2623,0.99029136,1
2626,0.7921673,1
2630,0.45820346,0
2634,0.98656106,1
2636,0.9892871,1
2638,0.15337262,0
2639,0.99387455,1
2646,0.1350714,0
2650,0.9964709,1
2652,0.099368155,0
2653,0.07814729,0
2654,0.05692029,0
2662,0.07569617,0
2665,0.041775674,0
2669,0.0702284,0
2674,0.034157813,0
2678,0.039741725,0
2681,0.026584536,0
2685,0.050148994,0
2686,0.036129415,0
2690,0.08156508,0
2697,0.08318424,0
2699,0.07728389,0
2704,0.049952924,0
2705,0.15517169,0
2710,0.07865512,0
2712,0.074397504,0
2713,0.04480046,0
2716,0.047766864,0
2717,0.033233047,0
2718,0.083948076,0
2721,0.060322374,0
2722,0.08486882,0
2735,0.08480075,0
2737,0.041918725,0
2738,0.03390792,0
2742,0.033406526,0
2745,0.11752996,0
2746,0.07735014,0
2747,0.05187574,0
2750,0.0966585,0
2751,0.09014183,0
2754,0.109514415,0
2762,0.82433975,1
2764,0.038926244,0
2772,0.056079,0
2775,0.086009294,0
2776,0.08317435,0
2779,0.043661,0
2781,0.04162714,0
2789,0.059662282,0
2790,0.10989484,0
2791,0.30959308,0
2798,0.06775883,0
2800,0.08697227,0
2804,0.5743904,1
2805,0.40298334,0
2806,0.7601919,1
2809,0.7086615,1
2810,0.8956089,1
2812,0.7860161,1
2814,0.99878967,1
2816,0.51000476,1
2818,0.9412395,1
2823,0.29855672,0
2824,0.99154377,1
2834,0.98318446,1
2837,0.6708542,1
2840,0.8723758,1
2845,0.9987209,1
2847,0.99877095,1
2848,0.504012,1
2850,0.3753939,0
2859,0.27849388,0
2862,0.21709448,0
2868,0.5229466,1
2874,0.69527984,1
2876,0.5929942,1
2892,0.35123444,0
2894,0.9716826,1
2897,0.4052698,0
2901,0.5934238,1
2903,0.13935137,0
2904,0.05802673,0
2906,0.11407727,0
2914,0.076250196,0
2918,0.10627636,0
2919,0.10159895,0
2923,0.23732582,0
2926,0.102302015,0
2928,0.099508405,0
2930,0.030879766,0
2938,0.3085519,0
2940,0.33619216,0
2949,0.32848132,0
2951,0.1853435,0
2958,0.24153209,0
2961,0.09920433,0
2962,0.31567198,0
2964,0.26380843,0
2966,0.08683139,0
2967,0.16258016,0
2968,0.2680757,0
2972,0.123867154,0
2977,0.07150835,0
2978,0.34004492,0
2979,0.12559375,0
2981,0.08878097,0
2985,0.42250514,0
2986,0.038574994,0
2989,0.9838896,1
2994,0.11595449,0
2996,0.92303675,1
2997,0.12472588,0
2999,0.10260138,0
3002,0.083069086,0
3007,0.49631467,0
3008,0.048460484,0
3017,0.19904688,0
3020,0.0926359,0
3024,0.13248342,0
3028,0.2263991,0
3031,0.3530271,0
3032,0.6497377,1
3033,0.09045681,0
3035,0.26939142,0
3040,0.6282871,1
3041,0.7996018,1
3046,0.13578081,0
3050,0.36411667,0
3063,0.6864911,1
3065,0.62009525,1
3067,0.6864911,1
3069,0.4858792,0
3076,0.5144035,1
3078,0.23197535,0
3081,0.73256075,1
3087,0.8724504,1
3088,0.9469799,1
3094,0.42429158,0
3096,0.8867544,1
3098,0.41596216,0
3103,0.2334804,0
3110,0.99374795,1
3113,0.98583484,1
3121,0.9973798,1
3127,0.9931725,1
3128,0.945493,1
3129,0.9945017,1
3135,0.99580145,1
3143,0.88586867,1
3146,0.9660752,1
3148,0.98358,1
3149,0.5039284,1
3151,0.97518694,1
3156,0.033002257,0
3160,0.058204055,0
3164,0.04695198,0
3169,0.07428825,0
3178,0.047688305,0
3187,0.034790635,0
3194,0.046221167,0
3202,0.07343283,0
3203,0.0369758,0
3204,0.04630342,0
3206,0.9990494,1
3207,0.06227079,0
3208,0.06227079,0
3209,0.88523984,1
3213,0.057379395,0
3214,0.07548216,0
3215,0.06357977,0
3220,0.05999255,0
3223,0.0369758,0
3224,0.053474247,0
3226,0.058744192,0
3228,0.049501687,0
3230,0.061193436,0
3232,0.05800408,0
3233,0.06162554,0
3234,0.07790673,0
3238,0.04224038,0
3246,0.070993245,0
3247,0.99262506,1
3250,0.7221842,1
3251,0.281431,0
3254,0.11136243,0
3257,0.28390235,0
3258,0.5848566,1
3261,0.17541566,0
3267,0.1496543,0
3268,0.22380391,0
3269,0.06128618,0
3271,0.063159615,0
3272,0.057406038,0
3273,0.03683421,0
3279,0.05634743,0
3290,0.108376205,0
3291,0.17153278,0
3293,0.10237035,0
3294,0.24066174,0
3298,0.058582217,0
3305,0.71322817,1
3306,0.73218596,1
3307,0.15478542,0
3310,0.14227879,0
3313,0.14437547,0
3314,0.14227879,0
3315,0.1175324,0
3316,0.058333278,0
3321,0.8489946,1
3325,0.18918318,0
3326,0.08381748,0
3327,0.10049108,0
3330,0.93913615,1
3331,0.6687279,1
3332,0.15190431,0
3333,0.6994293,1
3343,0.11124745,0
3344,0.11957368,0
3348,0.06144491,0
3349,0.14227879,0
3350,0.108213484,0
3352,0.08817893,0
3353,0.14062878,0
3354,0.11511776,0
3358,0.59197557,1
3360,0.90154624,1
3366,0.099841714,0
3371,0.4152018,0
3374,0.27011985,0
3375,0.09771401,0
3378,0.33493072,0
3382,0.169303,0
3384,0.09155539,0
3385,0.41967723,0
3386,0.14662409,0
3392,0.13362262,0
3399,0.36746183,0
3407,0.2456657,0
3409,0.246521,0
3416,0.98595655,1
3420,0.07748461,0
3422,0.9989244,1
3424,0.25117353,0
3426,0.9902478,1
3427,0.070061,0
3434,0.09512851,0
3438,0.24835211,0
3441,0.17018116,0
3442,0.24399054,0
3443,0.16701734,0
3444,0.4693688,0
3449,0.070061,0
3453,0.9930603,1
3454,0.1306093,0
3456,0.9507917,1
3457,0.63001746,1
3458,0.99605274,1
3461,0.99475276,1
3467,0.29688147,0
3479,0.22078344,0
3488,0.98838276,1
3491,0.8506564,1
3496,0.996807,1
3502,0.89744914,1
3507,0.9932283,1
3511,0.7846259,1
3515,0.9981563,1
3516,0.99832404,1
3538,0.6446891,1
3539,0.87288356,1
3541,0.99752086,1
3545,0.9746424,1
3546,0.9981563,1
3547,0.98755234,1
3551,0.99814403,1
3553,0.105098724,0
3556,0.34331846,0
3558,0.21306828,0
3559,0.5017866,1
3561,0.042434722,0
3562,0.13650686,0
3563,0.19431981,0
3564,0.05456549,0
3571,0.13117167,0
3574,0.124290735,0
3576,0.10989109,0
3577,0.19891402,0
3579,0.40751463,0
3580,0.48380938,0
3586,0.07230514,0
3590,0.22197697,0
3599,0.111614436,0
3600,0.088092804,0
3601,0.32293406,0
3605,0.07488155,0
3606,0.052902013,0
3612,0.056401253,0
3614,0.050533235,0
3615,0.094267964,0
3616,0.053814024,0
3620,0.6463439,1
3622,0.08920637,0
3624,0.07569939,0
3630,0.14318958,0
3644,0.14857227,0
3649,0.08860901,0
3651,0.109724015,0
3654,0.091548264,0
3665,0.096289426,0
3668,0.13716638,0
3671,0.06858677,0
3672,0.10881907,0
3673,0.066281974,0
3677,0.08328992,0
3678,0.07382086,0
3687,0.11496359,0
3688,0.08526868,0
3693,0.14608851,0
3698,0.08605519,0
3699,0.67759836,1
3701,0.99385333,1
3703,0.21150821,0
3706,0.080129415,0
3707,0.08301714,0
3709,0.9846808,1
3711,0.64956284,1
3714,0.17020857,0
3716,0.21052903,0
3720,0.96717685,1
3728,0.9581629,1
3731,0.20946005,0
3732,0.21426493,0
3733,0.9790571,1
3734,0.3097214,0
3740,0.10001394,0
3746,0.13357145,0
3749,0.5193544,1
3751,0.43034804,0
3755,0.057440966,0
3757,0.37953058,0
3762,0.7418883,1
3767,0.079907954,0
3769,0.23611042,0
3779,0.3919545,0
3781,0.29339015,0
3782,0.11659849,0
3783,0.8165647,1
3784,0.8632827,1
3790,0.4562053,0
3791,0.7418883,1
3792,0.8998865,1
3794,0.15940821,0
3799,0.10892156,0
3801,0.18384713,0
3804,0.09623632,0
3808,0.15125614,0
3809,0.04688406,0
3811,0.046372473,0
3813,0.17013666,0
3817,0.16092265,0
3818,0.6073703,1
3823,0.044982255,0
3843,0.0989736,0
3844,0.18384713,0
3846,0.11902559,0
3847,0.6320411,1
3852,0.16623858,0
3854,0.11883563,0
3856,0.15384623,0
3863,0.24325776,0
3865,0.3546188,0
3867,0.21951437,0
3871,0.11883563,0
3872,0.11883563,0
3878,0.11883563,0
3880,0.4488838,0
3881,0.21951437,0
3882,0.7223846,1
3883,0.1298325,0
3884,0.7551538,1
3885,0.15044472,0
3886,0.21142977,0
3890,0.78798425,1
3891,0.92311364,1
3898,0.8519118,1
3902,0.27187318,0
3909,0.8041763,1
3910,0.7326891,1
3912,0.2892239,0
3915,0.9934465,1
3918,0.22478509,0
3920,0.9934465,1
3925,0.26096934,0
3928,0.13003972,0
3929,0.15465829,0
3930,0.9934465,1
3931,0.12941962,0
3934,0.73333937,1
3939,0.12874633,0
3941,0.2223025,0
3942,0.89663494,1
3943,0.2883571,0
3946,0.18691364,0
3963,0.31818068,0
3965,0.5048345,1
3966,0.8595902,1
3971,0.5543815,1
3972,0.9596298,1
3974,0.39125863,0
3976,0.9367898,1
3978,0.36824542,0
3981,0.7119951,1
3985,0.77370775,1
3986,0.41378334,0
3987,0.99745303,1
3988,0.986112,1
3991,0.9850313,1
3999,0.98273945,1
4001,0.3798917,0
4002,0.89006126,1
4004,0.86951375,1
4007,0.56342137,1
4009,0.7091408,1
4013,0.26408333,0
4015,0.2460022,0
4016,0.32681608,0
4023,0.4604327,0
4031,0.8232893,1
4035,0.91935444,1
4036,0.2575032,0
4037,0.16459179,0
4040,0.9864975,1
4048,0.70784056,1
4053,0.9591038,1
4056,0.9591038,1
4059,0.20407674,0
4066,0.99933326,1
4067,0.58399004,1
4069,0.68697727,1
4070,0.8195596,1
4071,0.810892,1
4073,0.9906802,1
4074,0.54259723,1
4075,0.55099386,1
4082,0.9591038,1
4090,0.20771086,0
4099,0.9851104,1
4102,0.9536547,1
4106,0.28338563,0
4109,0.7525976,1
4110,0.6070678,1
4115,0.6412158,1
4118,0.9695396,1
4120,0.9975531,1
4125,0.65819526,1
4126,0.91692233,1
4130,0.985271,1
4134,0.9832251,1
4136,0.30327687,0
4137,0.96776974,1
4144,0.48030263,0
4148,0.12342003,0
4151,0.05187908,0
4155,0.032364756,0
4162,0.038615614,0
4165,0.068585664,0
4169,0.09229815,0
4174,0.08381164,0
4179,0.06624001,0
4185,0.03265217,0
4186,0.10923502,0
4187,0.0802075,0
4188,0.039590776,0
4190,0.09035292,0
4192,0.047787488,0
4193,0.13497642,0
4194,0.062073678,0
4195,0.058540612,0
4196,0.09432766,0
4207,0.99961793,1
4208,0.976741,1
4215,0.99961793,1
4217,0.93212855,1
4222,0.15917328,0
4223,0.99848735,1
4226,0.40413362,0
4228,0.27196386,0
4229,0.18054715,0
4231,0.99948025,1
4234,0.09409475,0
4236,0.20989195,0
4249,0.10069913,0
4254,0.21396351,0
4258,0.61449003,1
4259,0.12666392,0
4263,0.14816728,0
4267,0.09678233,0
4277,0.2171349,0
4278,0.085222304,0
4280,0.085222304,0
4283,0.35153127,0
4285,0.28099367,0
4286,0.28099367,0
4287,0.085222304,0
4290,0.35708016,0
4291,0.27279702,0
4294,0.28585067,0
4302,0.39887166,0
4308,0.49630985,0
4310,0.22589415,0
4311,0.7812365,1
4315,0.547735,1
4316,0.16115397,0
4319,0.36463785,0
4331,0.24725482,0
4338,0.75216746,1
4339,0.55399424,1
4340,0.5666507,1
4344,0.21153328,0
4346,0.76824987,1
4347,0.90766346,1
4360,0.99248064,1
4364,0.98125035,1
4367,0.8573616,1
4369,0.9834548,1
4370,0.54122525,1
4371,0.9008203,1
4380,0.9551141,1
4386,0.9645827,1
4389,0.98351216,1
4390,0.9934471,1
4394,0.26785558,0
4399,0.07494679,0
4400,0.047961414,0
4404,0.040658385,0
4409,0.038392127,0
4414,0.035791576,0
4417,0.057854384,0
4418,0.037156224,0
4419,0.04338652,0
4420,0.049232036,0
4422,0.027533174,0
4429,0.2216756,0
4431,0.07159871,0
4433,0.028929442,0
4434,0.08557397,0
4439,0.03542283,0
4443,0.029118478,0
4446,0.0449467,0
4447,0.035791576,0
4453,0.13196242,0
4460,0.2776788,0
4461,0.9416313,1
4462,0.2575981,0
4467,0.2812451,0
4469,0.9418309,1
4473,0.10497302,0
4474,0.8057207,1
4475,0.08660072,0
4477,0.30408645,0
4481,0.09153435,0
4483,0.084427774,0
4484,0.14472178,0
4485,0.16780749,0
4495,0.22900629,0
4497,0.13454252,0
4500,0.36667687,0
4501,0.12322,0
4502,0.11664903,0
4505,0.21226445,0
4506,0.20731562,0
4510,0.11664903,0
4512,0.23119012,0
4513,0.1610221,0
4532,0.21884677,0
4535,0.12723497,0
4536,0.197269,0
4540,0.25971967,0
4545,0.45971727,0
4552,0.78046465,1
4554,0.85873795,1
4555,0.44984335,0
4558,0.8176532,1
4559,0.36528105,0
4560,0.081333965,0
4566,0.09679517,0
4570,0.16615975,0
4572,0.055261523,0
4574,0.15225711,0
4581,0.85873795,1
4583,0.9237632,1
4586,0.8538983,1
4591,0.98917925,1
4594,0.15231985,0
4603,0.2804575,0
4605,0.087973,0
4612,0.53078884,1
4613,0.21834666,0
4615,0.16987586,0
4618,0.13733473,0
4621,0.16057795,0
4623,0.40745732,0
4626,0.15871668,0
4629,0.2247813,0
4633,0.361845,0
4636,0.31820005,0
4638,0.17703274,0
4640,0.63663554,1
4643,0.10582274,0
4645,0.17879277,0
4647,0.25627336,0
4648,0.12572426,0
4651,0.16266203,0
4652,0.15981126,0
4653,0.3258015,0
4654,0.8569451,1
4660,0.112751305,0
4662,0.112751305,0
4663,0.11230716,0
4665,0.8106456,1
4668,0.0653958,0
4676,0.19258696,0
4683,0.9958936,1
4685,0.8766548,1
4686,0.16266203,0
4701,0.13155043,0
4718,0.2362845,0
4721,0.47493643,0
4727,0.31474653,0
4728,0.97210836,1
4733,0.95251226,1
4741,0.23465797,0
4743,0.97942483,1
4746,0.32889843,0
4751,0.5910621,1
4756,0.9914074,1
4761,0.57020456,1
4763,0.8622879,1
4764,0.9654043,1
4767,0.99203205,1
4772,0.9767842,1
4776,0.9933076,1
4780,0.995782,1
4781,0.99814343,1
4792,0.98236567,1
4796,0.9902601,1
4801,0.99797493,1
4804,0.22192836,0
4805,0.9943573,1
4806,0.99740523,1
4811,0.3394704,0
4815,0.72389406,1
4816,0.81880087,1
4817,0.93949604,1
4818,0.28225952,0
4822,0.41850796,0
4824,0.9586868,1
4827,0.9704917,1
4837,0.44921944,0
4838,0.93428797,1
4839,0.96657944,1
4841,0.9126321,1
4851,0.95727897,1
4855,0.91578794,1
4861,0.14219895,0
4862,0.05209443,0
4863,0.042367607,0
4865,0.09573156,0
4871,0.038946092,0
4873,0.061442196,0
4880,0.073899746,0
4885,0.030825675,0
4886,0.05220881,0
4902,0.08075231,0
4904,0.0938071,0
4907,0.055423558,0
4916,0.15339324,0
4921,0.87853706,1
4925,0.14542672,0
4927,0.05316332,0
4928,0.20892781,0
4930,0.0904935,0
4932,0.3661356,0
4933,0.15492278,0
4937,0.95016694,1
4939,0.9958364,1
4941,0.08524233,0
4942,0.055159032,0
4947,0.120835125,0
4949,0.0904935,0
4950,0.24591723,0
4956,0.2349464,0
4960,0.45103183,0
4963,0.25392422,0
4965,0.58544093,1
4976,0.041750997,0
4977,0.041750997,0
4987,0.121301234,0
4991,0.93837905,1
4994,0.10637364,0
4999,0.42013168,0
5003,0.9039234,1
5006,0.17416948,0
5009,0.21764082,0
5011,0.20149046,0
5012,0.76672184,1
5014,0.24327075,0
5020,0.10327357,0
5021,0.20605034,0
5023,0.54258037,1
5026,0.0772028,0
5030,0.12666318,0
5031,0.9209397,1
5036,0.98613346,1
5042,0.31650072,0
5045,0.7926861,1
5048,0.7923307,1
5051,0.47477013,0
5053,0.13351345,0
5054,0.357585,0
5057,0.055290878,0
5058,0.23191246,0
5066,0.9873301,1
5070,0.9906894,1
5077,0.9462081,1
5081,0.9955087,1
5084,0.2151801,0
5086,0.40884215,0
5090,0.9166391,1
5091,0.7433935,1
5093,0.14941433,0
5100,0.98188853,1
5108,0.9904645,1
5111,0.95663166,1
5112,0.9923516,1
5118,0.32651368,0
5121,0.98074275,1
5123,0.98074275,1
5129,0.9347385,1
5133,0.14018002,0
5143,0.10801077,0
5147,0.79934865,1
5151,0.95939445,1
5156,0.981757,1
5158,0.98074275,1
5161,0.19156826,0
5163,0.5626935,1
5167,0.98454916,1
5173,0.8926645,1
5205,0.9390693,1
5214,0.16142121,0
5215,0.29639757,0
5216,0.040852875,0
5217,0.19585374,0
5225,0.26290238,0
5237,0.1621024,0
5239,0.11479634,0
5240,0.1184254,0
5241,0.22419074,0
5246,0.091005474,0
5250,0.587895,1
5253,0.2608829,0
5258,0.08898145,0
5261,0.108516544,0
5268,0.15990919,0
5275,0.078424215,0
5277,0.04425788,0
5279,0.57279515,1
5288,0.06813946,0
5289,0.04019189,0
5294,0.61211646,1
5303,0.06027454,0
5307,0.049589008,0
5311,0.24883327,0
5312,0.15299895,0
5314,0.45738503,0
5318,0.20669517,0
5327,0.25807923,0
5329,0.8488202,1
5333,0.22448957,0
5334,0.44514242,0
5340,0.2997334,0
5348,0.25847334,0
5358,0.2530436,0
5360,0.24133375,0
5361,0.41387603,0
5363,0.86938256,1
5364,0.399024,0
5369,0.6953924,1
5370,0.20009899,0
5374,0.86938256,1
5376,0.99327135,1
5388,0.17386052,0
5390,0.23963293,0
5393,0.8825115,1
5394,0.36108208,0
5395,0.64258116,1
5398,0.9832317,1
5399,0.97265536,1
5401,0.57833594,1
5402,0.99477494,1
5405,0.44764054,0
5414,0.38562167,0
5415,0.20800164,0
5419,0.28290132,0
5421,0.33281887,0
5422,0.18926695,0
5424,0.69132453,1
5427,0.9243516,1
5429,0.23380095,0
5431,0.6980305,1
5433,0.45789754,0
5434,0.51365054,1
5435,0.17636773,0
5436,0.1305958,0
5438,0.5387709,1
5440,0.34275466,0
5441,0.9314116,1
5447,0.23787853,0
5451,0.664472,1
5453,0.41003254,0
5456,0.23665854,0
5457,0.42731434,0
5463,0.36597127,0
5464,0.744599,1
5470,0.42779177,0
5472,0.11200997,0
5474,0.16569081,0
5478,0.051149547,0
5483,0.10591805,0
5490,0.179082,0
5500,0.22887498,0
5504,0.1367996,0
5508,0.09553018,0
5511,0.0711956,0
5512,0.04393798,0
5513,0.14652759,0
5516,0.10546076,0
5523,0.08737561,0
5527,0.029918134,0
5530,0.16973436,0
5533,0.40653595,0
5536,0.15023965,0
5537,0.037393242,0
5542,0.07048622,0
5543,0.036501616,0
5546,0.105457425,0
5549,0.09578818,0
5550,0.17349723,0
5551,0.053856432,0
5562,0.09408918,0
5566,0.24433243,0
5568,0.35900295,0
5571,0.96754885,1
5572,0.77460027,1
5574,0.53039795,1
5583,0.16009876,0
5585,0.53039795,1
5591,0.3525409,0
5596,0.53039795,1
5597,0.16009876,0
5601,0.99225056,1
5606,0.91076887,1
5607,0.16009876,0
5610,0.09408918,0
5615,0.7226684,1
5616,0.98395103,1
5623,0.23957306,0
5630,0.9584187,1
5636,0.94537914,1
5637,0.90548074,1
5639,0.8506714,1
5640,0.9859308,1
5643,0.96981466,1
5648,0.15754968,0
5649,0.35071588,0
5660,0.24037716,0
5666,0.1330221,0
5667,0.839793,1
5678,0.58973485,1
5679,0.87975293,1
5681,0.6697827,1
5682,0.6116322,1
5691,0.71228486,1
5696,0.99887854,1
5697,0.99740964,1
5700,0.42725372,0
5701,0.33064246,0
5702,0.98561025,1
5708,0.9818175,1
5709,0.9758146,1
5718,0.9860795,1
5723,0.4821016,0
5725,0.9743575,1
5728,0.9563464,1
5731,0.9582554,1
5735,0.79685795,1
5737,0.7746103,1
5738,0.6201976,1
5742,0.8671812,1
5747,0.532973,1
5749,0.45698458,0
5750,0.9481031,1
5755,0.9639952,1
5756,0.9880393,1
5761,0.9507816,1
5762,0.9775694,1
5767,0.96063435,1
5768,0.5394925,1
5770,0.98711514,1
5773,0.94640034,1
5774,0.31891555,0
5779,0.8413171,1
5782,0.98725724,1
5785,0.15433735,0
5786,0.54652834,1
5787,0.9925309,1
5788,0.8755436,1
5796,0.45951697,0
5802,0.1039457,0
5806,0.99317414,1
5809,0.32852376,0
5810,0.10530588,0
5811,0.9821305,1
5813,0.9351825,1
5820,0.3214445,0
5823,0.22153181,0
5830,0.9937602,1
5831,0.23496127,0
5838,0.961867,1
5839,0.2585893,0
5844,0.6392145,1
5846,0.4712372,0
5851,0.77349705,1
5852,0.44320846,0
5857,0.15452135,0
5859,0.18444997,0
5860,0.95181876,1
5862,0.74623215,1
5865,0.94753444,1
5866,0.797372,1
5871,0.995865,1
5872,0.6076946,1
5877,0.995865,1
5878,0.94829714,1
5879,0.99662924,1
5880,0.1722911,0
5895,0.11005685,0
5897,0.30408752,0
5910,0.30946434,0
5914,0.19587305,0
5915,0.116815776,0
5917,0.14252031,0
5924,0.13899729,0
5926,0.19587305,0
5931,0.17037016,0
5936,0.05955559,0
5940,0.14674619,0
5941,0.061118633,0
5945,0.11515322,0
5946,0.21690339,0
5948,0.63013005,1
5951,0.14661852,0
5967,0.14514452,0
5968,0.07621637,0
5969,0.45210373,0
5970,0.10539985,0
5971,0.12743086,0
5973,0.06844303,0
5976,0.20060751,0
5977,0.3786272,0
5984,0.5823774,1
5986,0.45437166,0
5993,0.656252,1
5994,0.6805734,1
6005,0.9878366,1
6006,0.887079,1
6008,0.6270752,1
6010,0.88984084,1
6011,0.50624907,1
6014,0.8004283,1
6016,0.41428304,0
6018,0.059836358,0
6021,0.4900461,0
6025,0.9837022,1
6028,0.8955071,1
6029,0.30633602,0
6035,0.12122157,0
6040,0.22317782,0
6042,0.6093814,1
6044,0.37295008,0
6046,0.15834838,0
6052,0.09816015,0
6054,0.9586067,1
6062,0.90719503,1
6063,0.30817947,0
6067,0.99302554,1
6068,0.9315524,1
6077,0.15093961,0
6079,0.15552533,0
6080,0.25431922,0
6081,0.8508576,1
6082,0.9858955,1
6089,0.053961277,0
6095,0.06913462,0
6101,0.07077736,0
6107,0.074296236,0
6114,0.1137833,0
6117,0.06439984,0
6121,0.55769414,1
6122,0.16208977,0
6124,0.11465776,0
6129,0.08246371,0
6131,0.13531655,0
6136,0.5227387,1
6139,0.51170456,1
6142,0.17118233,0
6143,0.6657346,1
6144,0.6705407,1
6149,0.17118233,0
6155,0.6581223,1
6157,0.21762303,0
6158,0.18904173,0
6161,0.5285225,1
6168,0.4183333,0
6172,0.5285225,1
6176,0.5285225,1
6177,0.51790154,1
6179,0.2897998,0
6180,0.9792397,1
6182,0.32492113,0
6186,0.22543189,0
6189,0.18191296,0
6190,0.1788066,0
6194,0.8382069,1
6204,0.10725108,0
6205,0.18904954,0
6209,0.25000808,0
6210,0.22543189,0
6212,0.13324752,0
6214,0.7613169,1
6221,0.9504411,1
6225,0.7547995,1
6228,0.2077952,0
6229,0.22543189,0
6231,0.17450035,0
6235,0.47214124,0
6236,0.20068163,0
6237,0.73863727,1
6238,0.26140776,0
6239,0.20068163,0
6242,0.20068163,0
6249,0.20068163,0
6250,0.20068163,0
6251,0.3614296,0
6252,0.7386373,1
6260,0.13935727,0
6264,0.5443363,1
6266,0.78679776,1
6270,0.51450944,1
6275,0.20068163,0
6279,0.9651513,1
6280,0.20068163,0
6284,0.20068163,0
6285,0.91413474,1
6286,0.4776583,0
6287,0.98288953,1
6288,0.058692515,0
6289,0.9943225,1
6290,0.46392414,0
6291,0.98115206,1
6295,0.86487454,1
6298,0.9854866,1
6307,0.9885647,1
6308,0.34937364,0
6309,0.9702886,1
6313,0.35231307,0
6316,0.8978857,1
6319,0.36718318,0
6321,0.3515191,0
6324,0.2020056,0
6327,0.32918257,0
6333,0.93489945,1
6351,0.98352814,1
6352,0.93132585,1
6353,0.19260779,0
6357,0.93132585,1
6359,0.795944,1
6360,0.9550952,1
6364,0.9709718,1
6367,0.45073092,0
6368,0.9915132,1
6377,0.9961841,1
6378,0.9961841,1
6379,0.40798375,0
6381,0.99348754,1
6390,0.9859545,1
6401,0.7916274,1
6408,0.98358876,1
6409,0.91646564,1
6411,0.5301768,1
6419,0.5975539,1
6424,0.8308024,1
6426,0.93022776,1
6428,0.37748128,0
6431,0.15932858,0
6432,0.96134555,1
6433,0.7953428,1
6435,0.9983471,1
6437,0.11009437,0
6439,0.99730575,1
6442,0.3891196,0
6444,0.99701434,1
6447,0.7678677,1
6456,0.9343333,1
6457,0.22650996,0
6460,0.3322444,0
6468,0.16952914,0
6471,0.98995525,1
6475,0.24424079,0
6476,0.99814785,1
6479,0.99845135,1
6483,0.994697,1
6487,0.97764003,1
6488,0.21933109,0
6489,0.2753355,0
6496,0.3020557,0
6498,0.29162627,0
6502,0.16328171,0
6503,0.273421,0
6507,0.3241956,0
6508,0.2094571,0
6509,0.37688318,0
6517,0.27853525,0
6521,0.1450583,0
6522,0.2205579,0
6524,0.06409311,0
6526,0.11638525,0
6531,0.9903929,1
6533,0.085599095,0
6538,0.20150948,0
6539,0.17742461,0
6544,0.41415364,0
6557,0.25572053,0
6558,0.087632984,0
6562,0.36046785,0
6563,0.14272842,0
6564,0.081119835,0
6574,0.14383766,0
6578,0.2623058,0
6581,0.11539468,0
6584,0.11684969,0
6587,0.7495148,1
6589,0.21105,0
6590,0.06045851,0
6592,0.13330477,0
6595,0.88132423,1
6599,0.1295808,0
6600,0.060489535,0
6606,0.08568281,0
6609,0.16799566,0
6612,0.07945791,0
6615,0.11105716,0
6618,0.06983185,0
6620,0.117672145,0
6623,0.23092929,0
6633,0.16219366,0
6639,0.998898,1
6640,0.8819264,1
6641,0.8321666,1
6645,0.12991276,0
6650,0.3697408,0
6651,0.16254213,0
6652,0.2777918,0
6657,0.14811075,0
6659,0.26428515,0
6666,0.9521781,1
6671,0.13402754,0
6673,0.9921093,1
6674,0.07470977,0
6677,0.047959834,0
6680,0.36210132,0
6684,0.095722675,0
6685,0.20180044,0
6691,0.06242889,0
6692,0.2732435,0
6696,0.9734443,1
6698,0.1140444,0
6704,0.0742504,0
6705,0.23285145,0
6710,0.13325989,0
6713,0.1746952,0
6715,0.09358084,0
6717,0.16218257,0
6718,0.054178834,0
6720,0.10234949,0
6728,0.6635152,1
6732,0.07443145,0
6733,0.032870978,0
6739,0.08799401,0
6740,0.37538296,0
6741,0.028719753,0
6743,0.24935248,0
6747,0.104525715,0
6750,0.8219561,1
6752,0.47577557,0
6753,0.1357278,0
6755,0.8219561,1
6761,0.14291084,0
6763,0.5782183,1
6768,0.6739042,1
6770,0.32616845,0
6771,0.34623957,0
6777,0.1357278,0
6778,0.19416314,0
6780,0.1065329,0
6782,0.15763608,0
6786,0.8219561,1
6791,0.55686307,1
6797,0.20932144,0
6798,0.77260923,1
6803,0.04969123,0
6805,0.3134494,0
6812,0.314556,0
6816,0.32015797,0
6818,0.6458386,1
6822,0.37228668,0
6825,0.32123956,0
6826,0.3156647,0
6827,0.3179071,0
6829,0.31568336,0
6831,0.10227549,0
6836,0.15296286,0
6838,0.121019155,0
6840,0.04945734,0
6842,0.08292332,0
6846,0.3156647,0
6851,0.9201872,1
6853,0.8682302,1
6856,0.2247051,0
6859,0.7430899,1
6865,0.52155036,1
6866,0.5664895,1
6868,0.9961709,1
6869,0.7335144,1
6871,0.98667353,1
6873,0.24519297,0
6886,0.87248904,1
6887,0.7984394,1
6888,0.78427625,1
6889,0.9978527,1
6891,0.84947956,1
6894,0.5186806,1
6895,0.69056714,1
6899,0.837873,1
6901,0.45846334,0
6902,0.39292336,0
6904,0.6705458,1
6906,0.8406271,1
6922,0.32545093,0
6923,0.083844274,0
6924,0.30147538,0
6927,0.8046751,1
6934,0.3461904,0
6938,0.2588092,0
6941,0.30284864,0
6942,0.33008885,0
6944,0.34994155,0
6947,0.4801176,0
6952,0.7580339,1
6957,0.6176349,1
6958,0.96559864,1
6964,0.6314303,1
6968,0.3337486,0
6969,0.9891659,1
6976,0.51238036,1
6982,0.92817056,1
6986,0.94330823,1
6987,0.9976893,1
6989,0.091064334,0
6991,0.6069169,1
6993,0.9362639,1
6995,0.06756452,0
6997,0.15026209,0
7000,0.056512564,0
7003,0.1312792,0
7004,0.110248506,0
7007,0.94593346,1
7011,0.3670408,0
7014,0.054935545,0
7016,0.17269254,0
7017,0.19852263,0
7020,0.27956337,0
7022,0.06756452,0
7028,0.06756452,0
7033,0.29380673,0
7034,0.67202413,1
7035,0.061107665,0
7038,0.1312792,0
7040,0.06756452,0
7041,0.056512564,0
7042,0.118314266,0
7045,0.13874635,0
7049,0.17390156,0
7055,0.14672515,0
7057,0.15357575,0
7062,0.055823445,0
7064,0.10458487,0
7066,0.051775724,0
7067,0.07044548,0
7072,0.14540708,0
7079,0.17345798,0
7082,0.19771996,0
7083,0.10861215,0
7084,0.13737693,0
7085,0.14510432,0
7087,0.18280509,0
7090,0.1468916,0
7094,0.09240043,0
7096,0.21436262,0
7099,0.17303038,0
7100,0.78678226,1
7101,0.16850084,0
7102,0.19491807,0
7103,0.06665215,0
7107,0.47175312,0
7110,0.06665215,0
7113,0.13553426,0
7117,0.04994437,0
7119,0.049842924,0
7123,0.10389221,0
7127,0.02874747,0
7133,0.25834244,0
7139,0.180895,0
7143,0.1389297,0
7145,0.19354019,0
7151,0.98832583,1
7152,0.2692299,0
7153,0.47075352,0
7156,0.12010875,0
7162,0.1788319,0
7170,0.50665396,1
7172,0.16940206,0
7177,0.2397336,0
7181,0.4997285,0
7182,0.21444094,0
7189,0.12430006,0
7190,0.23439324,0
7200,0.68921185,1
7207,0.76377904,1
7209,0.9960749,1
7212,0.9245894,1
7216,0.5910745,1
7217,0.98189414,1
7219,0.76659614,1
7220,0.14137706,0
7222,0.4226208,0
7225,0.36420342,0
7233,0.0882445,0
7237,0.5051772,1
7238,0.7282227,1
7239,0.9953744,1
7240,0.45458862,0
7243,0.72195715,1
7245,0.814338,1
7246,0.22346443,0
7249,0.94621253,1
7257,0.8143413,1
7258,0.4744238,0
7259,0.9609461,1
7262,0.9256877,1
7263,0.84742993,1
7269,0.6746888,1
7271,0.93234897,1
7273,0.84743,1
7276,0.9701237,1
7279,0.92281234,1
7282,0.92766786,1
7284,0.9746541,1
7293,0.76179373,1
7298,0.4717764,0
7303,0.6768024,1
7304,0.20701933,0
7305,0.11662161,0
7308,0.571498,1
7313,0.5208001,1
7314,0.8474811,1
7321,0.30364716,0
7322,0.22637475,0
7327,0.39334512,0
7333,0.15087897,0
7336,0.2288394,0
7339,0.97447383,1
7341,0.9353417,1
7346,0.12209207,0
7347,0.3192886,0
7349,0.38373727,0
7351,0.10364339,0
7353,0.036632508,0
7363,0.16789392,0
7364,0.058803618,0
7368,0.6192634,1
7370,0.34076738,0
7375,0.059569597,0
7376,0.3398211,0
7379,0.14900267,0
7382,0.06878257,0
7384,0.07960665,0
7385,0.09988499,0
7387,0.061907172,0
7388,0.101035655,0
7389,0.121123224,0
7394,0.2221396,0
7396,0.18778175,0
7398,0.064349174,0
7399,0.08350009,0
7401,0.47599077,0
7404,0.20785451,0
7406,0.156782,0
7409,0.12013048,0
7411,0.0722065,0
7417,0.07604197,0
7420,0.12814492,0
7422,0.02407378,0
7423,0.102618694,0
7427,0.6584901,1
7429,0.0759266,0
7432,0.07006925,0
7435,0.16971397,0
7436,0.9932815,1
7440,0.990378,1
7441,0.10642445,0
7445,0.1466381,0
7448,0.37982953,0
7449,0.28014398,0
7450,0.04894188,0
7454,0.05906099,0
7455,0.103728265,0
7460,0.089071214,0
7462,0.15719464,0
7464,0.19006726,0
7466,0.123079926,0
7468,0.07681945,0
7469,0.10970208,0
7471,0.1588414,0
7472,0.35500577,0
7483,0.11755431,0
7484,0.11755431,0
7485,0.09156817,0
7486,0.07480636,0
7487,0.0620324,0
7489,0.98409027,1
7492,0.22399282,0
7495,0.97734106,1
7499,0.9714774,1
7500,0.9507341,1
7506,0.9387711,1
7508,0.2536432,0
7509,0.2040655,0
7511,0.9690132,1
7516,0.99006885,1
7524,0.29747593,0
7538,0.85167885,1
7539,0.96721053,1
7541,0.9690132,1
7546,0.99893945,1
7549,0.9990535,1
7562,0.9990535,1
7564,0.9594545,1
7567,0.9511535,1
7572,0.9990535,1
7574,0.9990535,1
7575,0.9990535,1
7586,0.9990535,1
7592,0.9972944,1
7596,0.09677282,0
7597,0.2825858,0
7599,0.20656753,0
7606,0.2678616,0
7615,0.10808882,0
7618,0.10744542,0
7620,0.1756033,0
7624,0.09445733,0
7625,0.094857216,0
7629,0.40963942,0
7632,0.103922874,0
7636,0.16926184,0
7637,0.23585773,0
7646,0.09464514,0
7655,0.3010679,0
7658,0.06347594,0
7660,0.11324522,0
7664,0.18868789,0
7665,0.0541988,0
7666,0.06683758,0
7667,0.14432997,0
7673,0.10383022,0
7676,0.09907448,0
7682,0.09259239,0
7684,0.11392143,0
7690,0.031962305,0
7697,0.037474245,0
7700,0.05983007,0
7704,0.053812623,0
7705,0.10646847,0
7706,0.062362373,0
7708,0.08430433,0
7709,0.07229009,0
7710,0.12763476,0
7713,0.045253307,0
7716,0.080488384,0
7726,0.04217851,0
7729,0.066495985,0
7730,0.065400034,0
7732,0.0727883,0
7734,0.06251106,0
7740,0.08128673,0
7741,0.08252528,0
7745,0.9781347,1
7757,0.7447646,1
7762,0.2287679,0
7770,0.98852634,1
7776,0.2597108,0
7777,0.26533252,0
7778,0.9568415,1
7779,0.5594662,1
7782,0.3312474,0
7786,0.8413535,1
7791,0.5574993,1
7792,0.86874926,1
7794,0.08920929,0
7795,0.08173758,0
7796,0.15652847,0
7798,0.060976803,0
7805,0.090708554,0
7806,0.092390716,0
7808,0.11649799,0
7811,0.07182521,0
7814,0.07806042,0
7819,0.08340034,0
7820,0.8712199,1
7825,0.051241517,0
7829,0.3045199,0
7834,0.07206023,0
7836,0.051241517,0
7838,0.8374363,1
7841,0.16278067,0
7845,0.9941067,1
7846,0.11400375,0
7853,0.11400375,0
7856,0.0908013,0
7858,0.105054736,0
7859,0.85432875,1
7866,0.09193441,0
7875,0.99207234,1
7879,0.11400375,0
7884,0.07938546,0
7886,0.8553153,1
7890,0.21695447,0
7892,0.105054736,0
7896,0.37438312,0
7899,0.93351567,1
7900,0.98413265,1
7901,0.48920536,0
7904,0.52215934,1
7911,0.59336555,1
7917,0.35952225,0
7919,0.69036317,1
7920,0.9980518,1
7921,0.99620634,1
7922,0.0568659,0
7925,0.99607396,1
7927,0.95105946,1
7928,0.99620634,1
7931,0.14839283,0
7942,0.25590187,0
7946,0.99620634,1
7947,0.33111697,0
7948,0.31507453,0
7951,0.4240597,0
7956,0.15897325,0
7961,0.99733764,1
7964,0.9976779,1
7966,0.9974414,1
7967,0.29016498,0
7974,0.9978138,1
7975,0.1495853,0
7979,0.99743927,1
7985,0.9964068,1
7986,0.9959167,1
7993,0.09740037,0
7995,0.9972967,1
7997,0.05258006,0
7998,0.99743927,1
8004,0.99743927,1
8007,0.99743927,1
8011,0.16437,0
8014,0.9747902,1
8022,0.18005246,0
8027,0.18820569,0
8033,0.9636403,1
8041,0.18005243,0
8042,0.9830855,1
8046,0.30172205,0
8048,0.5379774,1
8050,0.97866094,1
8051,0.8334712,1
8052,0.38135853,0
8053,0.9431194,1
8054,0.5129828,1
8059,0.1934137,0
8063,0.79374987,1
8072,0.22810322,0
8075,0.18639934,0
8076,0.32736546,0
8077,0.9411154,1
8078,0.57995903,1
8080,0.13172656,0
8082,0.11725083,0
8086,0.09532249,0
8090,0.484105,0
8092,0.15343755,0
8093,0.28206706,0
8099,0.9613991,1
8104,0.66701627,1
8107,0.5866348,1
8108,0.23875737,0
8114,0.3864264,0
8115,0.887714,1
8117,0.99600285,1
8123,0.9981756,1
8124,0.9196806,1
8127,0.9984271,1
8132,0.23033267,0
8134,0.90540063,1
8139,0.8981408,1
8145,0.9951338,1
8148,0.99896014,1
8151,0.9921222,1
8152,0.99463797,1
8153,0.7051922,1
8157,0.8575753,1
8160,0.9975901,1
8166,0.99497795,1
8167,0.9921222,1
8173,0.9812749,1
8174,0.9921222,1
8178,0.99684376,1
8179,0.48910636,0
8185,0.71774447,1
8186,0.9921222,1
8192,0.24269566,0
8193,0.31441417,0
8194,0.123704314,0
8197,0.19262159,0
8198,0.12257853,0
8199,0.18767032,0
8200,0.4540879,0
8206,0.3637581,0
8207,0.34595132,0
8220,0.08539763,0
8222,0.12973708,0
8227,0.12696049,0
8228,0.10459384,0
8229,0.09143445,0
8230,0.690859,1
8233,0.693301,1
8248,0.27446157,0
8249,0.25776166,0
8255,0.11760467,0
8260,0.25776166,0
8263,0.5132331,1
8265,0.5982369,1
8268,0.23756126,0
8269,0.6588892,1
8272,0.95058155,1
8273,0.46050668,0
8275,0.5887273,1
8277,0.23112941,0
8281,0.328424,0
8282,0.36748648,0
8290,0.7385731,1
8293,0.9076588,1
8299,0.24630246,0
8302,0.2596618,0
8303,0.24881351,0
8305,0.30526027,0
8306,0.3616773,0
8307,0.43833646,0
8308,0.21284455,0
8313,0.2706287,0
8316,0.2596618,0
8319,0.12809509,0
8322,0.8130921,1
8323,0.43195766,0
8325,0.2880401,0
8326,0.45539883,0
8327,0.09600073,0
8328,0.30174506,0
8331,0.24881351,0
8333,0.9973784,1
8336,0.21809968,0
8338,0.2596618,0
8340,0.43833646,0
8342,0.05055237,0
8343,0.083586544,0
8353,0.05574128,0
8354,0.13127318,0
8357,0.05234021,0
8358,0.051378846,0
8359,0.0522241,0
8373,0.07674411,0
8376,0.039512634,0
8379,0.07634136,0
8380,0.059586197,0
8381,0.07314783,0
8384,0.06312376,0
8395,0.982431,1
8398,0.982431,1
8403,0.15798143,0
8407,0.982431,1
8413,0.982431,1
8417,0.982431,1
8420,0.982431,1
8421,0.041685045,0
8424,0.982431,1
8426,0.982431,1
8427,0.982431,1
8438,0.982431,1
8439,0.20136577,0
8442,0.051192284,0
8449,0.059306532,0
8456,0.08003172,0
8460,0.081469655,0
8462,0.062279314,0
8465,0.1085563,0
8466,0.07320392,0
8467,0.055481493,0
8469,0.047244757,0
8470,0.15227139,0
8474,0.097250015,0
8479,0.07335535,0
8481,0.0604693,0
8482,0.054044515,0
8485,0.033242732,0
8488,0.09877491,0
8492,0.12096575,0
8493,0.06614691,0
8495,0.10278508,0
8499,0.04437259,0
8501,0.07170841,0
8519,0.06849638,0
8521,0.074831426,0
8525,0.08963889,0
8527,0.18703151,0
8529,0.07514146,0
8532,0.06434202,0
8534,0.048953533,0
8535,0.08269292,0
8537,0.06304163,0
8544,0.11845234,0
8548,0.064795464,0
8549,0.11822727,0
8552,0.053317606,0
8554,0.09962547,0
8563,0.049531817,0
8564,0.050055176,0
8565,0.09648296,0
8566,0.13579348,0
8568,0.13768923,0
8569,0.059919745,0
8573,0.050715685,0
8583,0.06545797,0
8588,0.06912765,0
8590,0.08767331,0
8592,0.28488308,0
8593,0.08031389,0
8594,0.9473361,1
8597,0.05218929,0
8600,0.5760292,1
8601,0.13430062,0
8602,0.73719317,1
8603,0.69879955,1
8604,0.3168341,0
8605,0.88275385,1
8611,0.4789367,0
8614,0.4241865,0
8616,0.6973943,1
8617,0.93680495,1
8619,0.9938053,1
8626,0.9587419,1
8629,0.11549482,0
8630,0.8601776,1
8632,0.08808619,0
8634,0.632555,1
8641,0.35782996,0
8645,0.8796481,1
8649,0.90562713,1
8652,0.9667901,1
8666,0.6911877,1
8671,0.5802686,1
8672,0.95206,1
8675,0.86345613,1
8678,0.8937389,1
8679,0.94742423,1
8682,0.7414968,1
8687,0.53518665,1
8701,0.18293095,0
8703,0.17712861,0
8707,0.20651108,0
8713,0.06700972,0
8716,0.15712228,0
8719,0.24732429,0
8725,0.188066,0
8730,0.4357235,0
8731,0.43956956,0
8748,0.06455132,0
8749,0.03259912,0
8756,0.08285099,0
8764,0.05610311,0
8765,0.12489608,0
8769,0.08094552,0
8771,0.12489608,0
8772,0.05286774,0
8773,0.11580366,0
8779,0.040104926,0
8792,0.054320574,0
8794,0.11773002,0
8796,0.4233672,0
8798,0.56320506,1
8803,0.05197057,0
8807,0.12855068,0
8809,0.08061454,0
8811,0.15513337,0
8813,0.15023142,0
8814,0.07526407,0
8818,0.1714156,0
8819,0.20255953,0
8820,0.38621747,0
8821,0.10477051,0
8822,0.06519729,0
8824,0.1456958,0
8826,0.12063354,0
8827,0.09891072,0
8828,0.04784715,0
8833,0.2955258,0
8834,0.088038504,0
8845,0.14838234,0
8847,0.09881896,0
8849,0.14359,0
8861,0.15626898,0
8867,0.09861198,0
8868,0.632529,1
8870,0.0834257,0
8873,0.09881154,0
8874,0.0710637,0
8876,0.0732927,0
8877,0.2005552,0
8879,0.632529,1
8882,0.10599047,0
8884,0.18606946,0
8889,0.11350134,0
8891,0.08186072,0
8894,0.61211497,1
8895,0.22849628,0
8897,0.28396595,0
8898,0.8782221,1
8901,0.12053433,0
8904,0.9103408,1
8909,0.46296984,0
8910,0.84303445,1
8911,0.11001024,0
8915,0.9182552,1
8917,0.27454394,0
8918,0.13811874,0
8919,0.29067278,0
8922,0.08612627,0
8925,0.80341065,1
8928,0.34673625,0
8929,0.8177406,1
8930,0.8771137,1
8932,0.038330436,0
8937,0.5296752,1
8940,0.15783876,0
8943,0.16517496,0
8950,0.7054891,1
8951,0.6148577,1
8954,0.2356045,0
8958,0.9914488,1
8960,0.16482934,0
8964,0.6908478,1
8975,0.64788425,1
8977,0.6225222,1
8981,0.8344511,1
8982,0.5657873,1
8984,0.398192,0
8988,0.27341458,0
8990,0.42470485,0
8991,0.22364125,0
8995,0.07594356,0
8997,0.087249786,0
9003,0.13088647,0
9004,0.08961955,0
9010,0.13028717,0
9011,0.106747,0
9013,0.14415568,0
9014,0.13367859,0
9015,0.1288943,0
9017,0.09583107,0
9019,0.20139697,0
9021,0.28804922,0
9024,0.12180251,0
9032,0.059098035,0
9035,0.05517891,0
9036,0.18664724,0
9037,0.1256384,0
9043,0.97514355,1
9046,0.9660497,1
9048,0.97514355,1
9049,0.94713813,1
9050,0.98806465,1
9056,0.81862175,1
9063,0.095168054,0
9065,0.8738543,1
9066,0.97514355,1
9068,0.38563251,0
9069,0.9512547,1
9070,0.22011536,0
9073,0.97057056,1
9076,0.97571063,1
9091,0.27077377,0
9092,0.98676306,1
9104,0.9972136,1
9105,0.99378043,1
9108,0.99378043,1
9111,0.99787056,1
9115,0.99728966,1
9117,0.99703526,1
9122,0.9969146,1
9125,0.9939469,1
9127,0.98676306,1
9129,0.9955653,1
9133,0.99787056,1
9136,0.9972136,1
9138,0.9955653,1
9140,0.9939469,1
9147,0.9955901,1
9150,0.99882495,1
9152,0.9946636,1
9153,0.9974548,1
9155,0.99861133,1
9158,0.9833162,1
9160,0.9977912,1
9163,0.98477274,1
9165,0.99760807,1
9167,0.47440118,0
9168,0.9861498,1
9170,0.99812454,1
9176,0.99646086,1
9178,0.9915074,1
9184,0.99792266,1
9186,0.99470186,1
9188,0.9977117,1
9189,0.9974259,1
9190,0.9961226,1
9196,0.8190332,1
9198,0.68966275,1
9199,0.99912995,1
9200,0.9792769,1
9201,0.8340691,1
9202,0.9971967,1
9204,0.8707753,1
9205,0.99424803,1
9213,0.98869574,1
9214,0.99101436,1
9224,0.99708974,1
9227,0.9387625,1
9228,0.99454826,1
9229,0.99747735,1
9234,0.9186212,1
9236,0.9965733,1
9241,0.98644996,1
9243,0.21363044,0
9245,0.054383308,0
9256,0.63970655,1
9258,0.10220033,0
9261,0.038830012,0
9274,0.16503954,0
9279,0.11829078,0
9282,0.23560593,0
9284,0.11561382,0
9285,0.088112146,0
9291,0.14699209,0
9295,0.108236015,0
9299,0.08552164,0
9302,0.06487194,0
9304,0.17464542,0
9305,0.16151136,0
9306,0.059562206,0
9310,0.08651066,0
9312,0.20879754,0
9316,0.10452473,0
9318,0.28276795,0
9323,0.20568109,0
9326,0.07691386,0
9327,0.15632665,0
9328,0.07910186,0
9331,0.9552399,1
9335,0.15422681,0
9336,0.12877798,0
9340,0.070234895,0
9349,0.990724,1
9352,0.3860202,0
9353,0.18075123,0
9354,0.3730448,0
9356,0.14497724,0
9357,0.11032331,0
9358,0.052083135,0
9359,0.14903551,0
9364,0.18833968,0
9366,0.973112,1
9369,0.13022694,0
9370,0.07548493,0
9379,0.19438592,0
9381,0.18804976,0
9383,0.11582196,0
9389,0.20834178,0
9390,0.13303125,0
9392,0.702282,1
9394,0.5977866,1
9398,0.9583484,1
9399,0.6090613,1
9400,0.14988184,0
9407,0.97537094,1
9409,0.96306413,1
9412,0.89106673,1
9413,0.98610425,1
9415,0.24240905,0
9419,0.7225346,1
9423,0.27581805,0
9424,0.9037596,1
9426,0.17191765,0
9427,0.9954337,1
9428,0.16156206,0
9429,0.34787345,0
9433,0.9860264,1
9437,0.34510553,0
9440,0.15174648,0
9442,0.8744588,1
9443,0.61058587,1
9444,0.34249324,0
9447,0.61685,1
9459,0.33576527,0
9461,0.65241605,1
9462,0.48808116,0
9464,0.86405605,1
9473,0.55201805,1
9475,0.14131436,0
9476,0.87098396,1
9477,0.4912512,0
9478,0.65241605,1
9479,0.55201805,1
9483,0.4381259,0
9487,0.65241605,1
9494,0.97959566,1
9497,0.99166715,1
9498,0.99137485,1
9506,0.13589865,0
9512,0.9056524,1
9514,0.99539244,1
9515,0.7160423,1
9516,0.8725592,1
9517,0.5197067,1
9518,0.07735461,0
9521,0.3893303,0
9523,0.7621317,1
9527,0.8373075,1
9528,0.48024964,0
9530,0.23400605,0
9532,0.6616955,1
9534,0.9376261,1
9535,0.14749518,0
9536,0.99538743,1
9543,0.22480965,0
9544,0.32327902,0
9545,0.86801714,1
9546,0.22957197,0
9549,0.14449304,0
9558,0.09001234,0
9560,0.10984287,0
9561,0.24821013,0
9570,0.21161914,0
9573,0.08204305,0
9578,0.5658567,1
9584,0.16380373,0
9587,0.32123715,0
9588,0.15429994,0
9599,0.18280149,0
9601,0.3011667,0
9604,0.21792942,0
9614,0.91579384,1
9615,0.95921445,1
9621,0.993099,1
9622,0.92136073,1
9623,0.966607,1
9624,0.80764866,1
9626,0.9942584,1
9628,0.986377,1
9630,0.5908343,1
9631,0.98422045,1
9633,0.96660703,1
9635,0.98749864,1
9637,0.9243964,1
9641,0.35089216,0
9647,0.98422045,1
9648,0.992734,1
9649,0.35580692,0
9658,0.068068296,0
9662,0.9946252,1
9668,0.24759638,0
9671,0.2366414,0
9676,0.9960519,1
9677,0.9785516,1
9679,0.09765795,0
9682,0.9949088,1
9685,0.06417915,0
9689,0.6428823,1
9692,0.8534244,1
9693,0.32947236,0
9694,0.30276948,0
9696,0.41135064,0
9700,0.037885755,0
9711,0.6898402,1
9713,0.14153239,0
9720,0.15180945,0
9721,0.9902593,1
9725,0.18993059,0
9726,0.35367817,0
9727,0.6160237,1
9735,0.12128705,0
9740,0.8715793,1
9742,0.6898402,1
9743,0.31392068,0
9747,0.68984014,1
9748,0.75259346,1
9751,0.6898402,1
9758,0.14913067,0
9767,0.44394088,0
9768,0.11296308,0
9773,0.1340358,0
9777,0.46813697,0
9781,0.17422223,0
9784,0.16589335,0
9786,0.09736177,0
9789,0.2961926,0
9792,0.094765335,0
9793,0.08701685,0
9798,0.5880467,1
9799,0.24239263,0
9802,0.20672601,0
9803,0.6871197,1
9804,0.093372226,0
9805,0.21650562,0
9807,0.4570341,0
9809,0.68208313,1
9811,0.29346132,0
9814,0.19242477,0
9817,0.11290577,0
9821,0.32397145,0
9824,0.55298173,1
9825,0.33298036,0
9827,0.19464642,0
9839,0.65949297,1
9840,0.03636813,0
9843,0.33692256,0
9844,0.2516391,0
9845,0.29412913,0
9847,0.29369867,0
9848,0.6555662,1
9851,0.29412913,0
9852,0.23116824,0
9855,0.13031927,0
9856,0.226529,0
9863,0.11330989,0
9867,0.29295668,0
9871,0.24910095,0
9876,0.5054833,1
9879,0.0884296,0
9882,0.84569764,1
9891,0.15954205,0
9892,0.120716214,0
9893,0.20375124,0
9895,0.18708539,0
9899,0.18208927,0
9900,0.11799812,0
9902,0.17369547,0
9903,0.23608208,0
9904,0.1389282,0
9908,0.1738827,0
9913,0.051698953,0
9914,0.42855662,0
9917,0.08030173,0
9922,0.80179644,1
9924,0.12206775,0
9926,0.15890563,0
9927,0.10938528,0
9928,0.09916681,0
9929,0.07400519,0
9936,0.16302136,0
9939,0.12815231,0
9947,0.09734526,0
9951,0.16386771,0
9954,0.05883223,0
9956,0.057551026,0
9957,0.07246864,0
9959,0.34391215,0
9962,0.36472264,0
9964,0.36724436,0
9966,0.17111027,0
9968,0.86243176,1
9969,0.7503668,1
9970,0.821437,1
9975,0.15154576,0
9977,0.5149518,1
9981,0.07917601,0
9993,0.2583912,0
9996,0.43578446,0
9997,0.3839452,0
9999,0.7056943,1
10002,0.1620557,0
10007,0.99623394,1
10015,0.04110354,0
10019,0.38764244,0
10022,0.03276339,0
10024,0.106019884,0
10026,0.037169904,0
10033,0.0653947,0
10043,0.038146704,0
10046,0.031421512,0
10051,0.08593696,0
10053,0.1034047,0
10062,0.98765194,1
10063,0.99284965,1
10065,0.98819625,1
10068,0.9977742,1
10078,0.8960012,1
10086,0.99529815,1
10094,0.8987622,1
10095,0.89373857,1
10096,0.9303888,1
10097,0.9746585,1
10103,0.99284965,1
10104,0.9132596,1
10108,0.062446564,0
10122,0.31871852,0
10123,0.07257986,0
10128,0.07988876,0
10131,0.06345591,0
10133,0.06149888,0
10134,0.20535687,0
10135,0.13383153,0
10145,0.09416175,0
10148,0.07941505,0
10154,0.09896359,0
10155,0.09246373,0
10158,0.99915135,1
10160,0.83905035,1
10161,0.70546013,1
10162,0.9948914,1
10165,0.9958662,1
10166,0.981321,1
10167,0.57516825,1
10170,0.9692179,1
10178,0.67453825,1
10180,0.7345205,1
10181,0.97980607,1
10185,0.99435276,1
10188,0.23075709,0
10190,0.9960916,1
10196,0.24189886,0
10200,0.857859,1
10205,0.9127308,1
10211,0.06347537,0
10216,0.06328797,0
10219,0.5986341,1
10221,0.11111471,0
10225,0.2791384,0
10227,0.7039175,1
10228,0.21889222,0
10230,0.64351153,1
10232,0.9275954,1
10233,0.980973,1
10235,0.04273492,0
10238,0.9204116,1
10240,0.97113776,1
10242,0.14050576,0
10248,0.38199455,0
10254,0.11509004,0
10257,0.10073003,0
10261,0.15016654,0
10262,0.10411677,0
10266,0.06617385,0
10267,0.1619786,0
10271,0.07049033,0
10277,0.16087997,0
10279,0.116430014,0
10281,0.13424528,0
10282,0.91162217,1
10285,0.07524207,0
10292,0.0936237,0
10298,0.09247705,0
10300,0.08004388,0
10309,0.113844216,0
10311,0.1408998,0
10312,0.07288417,0
10319,0.13003975,0
10324,0.9544486,1
10326,0.075283825,0
10328,0.20944479,0
10343,0.1405136,0
10346,0.096277624,0
10347,0.09237066,0
10353,0.052450716,0
10354,0.6379086,1
10356,0.12327221,0
10357,0.29028207,0
10362,0.27046555,0
10363,0.24159119,0
10370,0.7493847,1
10373,0.1782372,0
10386,0.18643829,0
10388,0.12997654,0
10389,0.093538016,0
10391,0.9517431,1
10397,0.08065766,0
10400,0.09844917,0
10403,0.06819022,0
10404,0.19121432,0
10408,0.045675278,0
10417,0.093916506,0
10425,0.07455638,0
10435,0.3430696,0
10437,0.98797894,1
10438,0.9828336,1
10440,0.118285,0
10442,0.21245614,0
10447,0.96900785,1
10452,0.8187097,1
10453,0.0929316,0
10454,0.73411274,1
10459,0.53845,1
10460,0.5219391,1
10463,0.33531642,0
10465,0.6587135,1
10469,0.46323848,0
10474,0.32479826,0
10475,0.8303737,1
10476,0.2825125,0
10477,0.446311,0
10480,0.562342,1
10491,0.40837806,0
10493,0.8612202,1
10494,0.9368354,1
10495,0.8544519,1
10497,0.55213785,1
10501,0.94499946,1
10504,0.18236658,0
10507,0.9662929,1
10509,0.9743319,1
10510,0.2654997,0
10512,0.98932946,1
10514,0.9627903,1
10526,0.993349,1
10528,0.98042464,1
10530,0.8790977,1
10531,0.97727096,1
10532,0.9166653,1
10538,0.554113,1
10539,0.109461576,0
10542,0.24160874,0
10547,0.076090604,0
10549,0.24275553,0
10556,0.10715681,0
10569,0.12291151,0
10572,0.19025809,0
10577,0.121824205,0
10579,0.1244455,0
10586,0.98164225,1
10594,0.99308944,1
10595,0.9983706,1
10597,0.4980675,0
10602,0.99610066,1
10604,0.98565274,1
10614,0.8079077,1
10617,0.50578666,1
10618,0.95201385,1
10619,0.99758667,1
10624,0.9851016,1
10633,0.9839288,1
10634,0.9946097,1
10635,0.45504165,0
10638,0.06112933,0
10639,0.06242329,0
10642,0.16061482,0
10643,0.23054454,0
10645,0.97604686,1
10646,0.17082796,0
10649,0.2160388,0
10652,0.99517876,1
10653,0.36257797,0
10654,0.14983523,0
10661,0.98919225,1
10664,0.96396196,1
10668,0.17587402,0
10670,0.084676266,0
10674,0.06336081,0
10683,0.16676226,0
10694,0.14117235,0
10697,0.3304836,0
10699,0.07298198,0
10701,0.1490727,0
10703,0.40545273,0
10713,0.13025287,0
10714,0.9260107,1
10716,0.0772157,0
10717,0.05388668,0
10719,0.066229224,0
10725,0.13989255,0
10728,0.1892522,0
10734,0.32242316,0
10738,0.9208642,1
10740,0.98160577,1
10742,0.94226223,1
10756,0.98160577,1
10757,0.9724748,1
10758,0.9208642,1
10761,0.98160577,1
10762,0.9010701,1
10773,0.9406661,1
10778,0.98160577,1
10781,0.9967525,1
10791,0.23243013,0
10792,0.17534894,0
10796,0.1519436,0
10797,0.56542516,1
10801,0.036242574,0
10804,0.23954481,0
10806,0.108098,0
10807,0.04000029,0
10816,0.10439554,0
10820,0.27185073,0
10828,0.22297764,0
10836,0.99735844,1
10838,0.99039793,1
10845,0.98743665,1
10856,0.99625456,1
10857,0.65926754,1
10858,0.99835634,1
10861,0.8796251,1
10865,0.9588621,1
10868,0.77676815,1
10874,0.7987394,1
10875,0.5608532,1
